[
    {
        "image": "./assets/img/bank/axislogo.png"
    },
    {
        "image": "./assets/img/bank/BAJAJ.jpg"
    },
    {
        "image": "./assets/img/bank/boa.png"
    },
    {
        "image": "./assets/img/bank/BARCLAYS.png"
    },
    {
        "image": "./assets/img/bank/CAPITALFIRST.jpg"
    },
    {
        "image": "./assets/img/bank/citi.png"
    },
    {
        "image": "./assets/img/bank/dcb-bank.png"
    },
    {
        "image": "./assets/img/bank/DHFL.jpg"
    },
    {
        "image": "./assets/img/bank/Doha-Bank.png"
    },
    {
        "image": "./assets/img/bank/DUETSCHE.png"
    },
    {
        "image": "./assets/img/bank/EDEL.jpg"
    },
    {
        "image": "./assets/img/bank/EQUITAS.jpg"
    },
    {
        "image": "./assets/img/bank/HDFC-Bank-logo.svg"
    },
    {
        "image": "./assets/img/bank/HSBC.png"
    },
    {
        "image": "./assets/img/bank/icici.png"
    },
    {
        "image": "./assets/img/bank/INDIABULLS.jpg"
    },
    {
        "image": "./assets/img/bank/kotak.jpg"
    },
    {
        "image": "./assets/img/bank/MAGMA.jpg"
    },
    {
        "image": "./assets/img/bank/PUNJAB.jpg"
    },
    {
        "image": "./assets/img/bank/RELIANCE.jpg"
    }
]