[
    {
        "link": "./contact.php",
        "image": "./assets/img/services/mutual-fund.jpg",
        "name": "Mutual Fund",
        "dis": "A mutual fund is an investment structure that's also professionally managed and collects money from numerous individuals to buy securities."
    },
    {
        "link": "./contact.php",
        "image": "./assets/img/services/life-insurance.jpg",
        "name": "Life Insurance",
        "dis": "An insurance policy holder and an insurer or assure enter into a contract for life insurance under which the insurer agrees to pay a predetermined beneficiary a certain amount of money in the event that the policyholder passes away."
    },
    {
        "link": "./contact.php",
        "image": "./assets/img/services/general-insurance.jpg",
        "name": "General Insurance",
        "dis": "General insurance refers to insurance contracts that do not fall within the category of life insurance."
    }
]